"FullName","Lines","SizeKB"
"C:\Users\maigr\OneDrive\Bureau\supabase-backend\supabase\functions\analyse-property-from-url\index.ts","189","6,3"
"C:\Users\maigr\OneDrive\Bureau\supabase-backend\supabase\functions\bpe-proxy\index.ts","234","8,7"
"C:\Users\maigr\OneDrive\Bureau\supabase-backend\supabase\functions\cadastre-from-commune\index.ts","209","7,1"
"C:\Users\maigr\OneDrive\Bureau\supabase-backend\supabase\functions\cadastre-geojson-proxy\index.ts","0","0"
"C:\Users\maigr\OneDrive\Bureau\supabase-backend\supabase\functions\cadastre-lite\index.ts","438","13,4"
"C:\Users\maigr\OneDrive\Bureau\supabase-backend\supabase\functions\cadastre-parcelles-bbox-v1\index.ts","132","5"
"C:\Users\maigr\OneDrive\Bureau\supabase-backend\supabase\functions\dossier-generate-v1\index.ts","0","0"
"C:\Users\maigr\OneDrive\Bureau\supabase-backend\supabase\functions\market-context-v1\index.ts","1973","71,1"
"C:\Users\maigr\OneDrive\Bureau\supabase-backend\supabase\functions\market-study-v1\data\fetchBpe.ts","244","8,4"
"C:\Users\maigr\OneDrive\Bureau\supabase-backend\supabase\functions\market-study-v1\data\fetchCompetitionSenior.ts","16","0,6"
"C:\Users\maigr\OneDrive\Bureau\supabase-backend\supabase\functions\market-study-v1\data\fetchInsee.ts","219","8,1"
"C:\Users\maigr\OneDrive\Bureau\supabase-backend\supabase\functions\market-study-v1\data\fetchPrices.ts","18","0,6"
"C:\Users\maigr\OneDrive\Bureau\supabase-backend\supabase\functions\market-study-v1\data\fetchTransport.ts","87","3,3"
"C:\Users\maigr\OneDrive\Bureau\supabase-backend\supabase\functions\market-study-v1\insights\buildInsights.ts","173","6,7"
"C:\Users\maigr\OneDrive\Bureau\supabase-backend\supabase\functions\market-study-v1\lib\dvf.ts","197","7,1"
"C:\Users\maigr\OneDrive\Bureau\supabase-backend\supabase\functions\market-study-v1\lib\geo.ts","135","4,1"
"C:\Users\maigr\OneDrive\Bureau\supabase-backend\supabase\functions\market-study-v1\lib\insee.ts","132","5,3"
"C:\Users\maigr\OneDrive\Bureau\supabase-backend\supabase\functions\market-study-v1\lib\pois.ts","216","7,8"
"C:\Users\maigr\OneDrive\Bureau\supabase-backend\supabase\functions\market-study-v1\lib\types.ts","139","5,3"
"C:\Users\maigr\OneDrive\Bureau\supabase-backend\supabase\functions\market-study-v1\scoring\computeCompleteness.ts","132","4,6"
"C:\Users\maigr\OneDrive\Bureau\supabase-backend\supabase\functions\market-study-v1\scoring\computeGlobalScore.ts","25","1,2"
"C:\Users\maigr\OneDrive\Bureau\supabase-backend\supabase\functions\market-study-v1\scoring\computeSubscores.ts","148","7,2"
"C:\Users\maigr\OneDrive\Bureau\supabase-backend\supabase\functions\market-study-v1\scoring\scoringConfig.ts","87","3,7"
"C:\Users\maigr\OneDrive\Bureau\supabase-backend\supabase\functions\market-study-v1\types\market.types.ts","120","3,4"
"C:\Users\maigr\OneDrive\Bureau\supabase-backend\supabase\functions\market-study-v1\utils\hash.ts","12","0,4"
"C:\Users\maigr\OneDrive\Bureau\supabase-backend\supabase\functions\market-study-v1\utils\http.ts","23","0,8"
"C:\Users\maigr\OneDrive\Bureau\supabase-backend\supabase\functions\market-study-v1\utils\validate.ts","62","2,5"
"C:\Users\maigr\OneDrive\Bureau\supabase-backend\supabase\functions\market-study-v1\index.ts","310","11,5"
"C:\Users\maigr\OneDrive\Bureau\supabase-backend\supabase\functions\market-study-v2\index.ts","492","16,6"
"C:\Users\maigr\OneDrive\Bureau\supabase-backend\supabase\functions\parcelle-from-id\index.ts","85","2,5"
"C:\Users\maigr\OneDrive\Bureau\supabase-backend\supabase\functions\plu-documents-list-v1\index.ts","77","3,3"
"C:\Users\maigr\OneDrive\Bureau\supabase-backend\supabase\functions\plu-extract-article-v1\index.ts","127","4,5"
"C:\Users\maigr\OneDrive\Bureau\supabase-backend\supabase\functions\plu-extract-ruleset\index.ts","944","33,8"
"C:\Users\maigr\OneDrive\Bureau\supabase-backend\supabase\functions\plu-faisabilite-summary-v1\index.ts","106","4,4"
"C:\Users\maigr\OneDrive\Bureau\supabase-backend\supabase\functions\plu-from-address\index.ts","696","20,2"
"C:\Users\maigr\OneDrive\Bureau\supabase-backend\supabase\functions\plu-from-parcelle\index.ts","197","6,3"
"C:\Users\maigr\OneDrive\Bureau\supabase-backend\supabase\functions\plu-from-parcelle-v2\index.ts","567","20,4"
"C:\Users\maigr\OneDrive\Bureau\supabase-backend\supabase\functions\plu-get-rules-for-zone\index.ts","171","5,1"
"C:\Users\maigr\OneDrive\Bureau\supabase-backend\supabase\functions\plu-ingest-from-storage\index.ts","431","15,7"
"C:\Users\maigr\OneDrive\Bureau\supabase-backend\supabase\functions\plu-ingest-rulesets\index.ts","1584","62,9"
"C:\Users\maigr\OneDrive\Bureau\supabase-backend\supabase\functions\plu-parser\node_modules\call-bind-apply-helpers\actualApply.d.ts","1","0"
"C:\Users\maigr\OneDrive\Bureau\supabase-backend\supabase\functions\plu-parser\node_modules\call-bind-apply-helpers\applyBind.d.ts","14","0,6"
"C:\Users\maigr\OneDrive\Bureau\supabase-backend\supabase\functions\plu-parser\node_modules\call-bind-apply-helpers\functionApply.d.ts","1","0"
"C:\Users\maigr\OneDrive\Bureau\supabase-backend\supabase\functions\plu-parser\node_modules\call-bind-apply-helpers\functionCall.d.ts","1","0"
"C:\Users\maigr\OneDrive\Bureau\supabase-backend\supabase\functions\plu-parser\node_modules\call-bind-apply-helpers\index.d.ts","57","2,2"
"C:\Users\maigr\OneDrive\Bureau\supabase-backend\supabase\functions\plu-parser\node_modules\call-bind-apply-helpers\reflectApply.d.ts","2","0,1"
"C:\Users\maigr\OneDrive\Bureau\supabase-backend\supabase\functions\plu-parser\node_modules\call-bound\index.d.ts","82","4,5"
"C:\Users\maigr\OneDrive\Bureau\supabase-backend\supabase\functions\plu-parser\node_modules\dunder-proto\get.d.ts","3","0,1"
"C:\Users\maigr\OneDrive\Bureau\supabase-backend\supabase\functions\plu-parser\node_modules\dunder-proto\set.d.ts","3","0,1"
"C:\Users\maigr\OneDrive\Bureau\supabase-backend\supabase\functions\plu-parser\node_modules\es-define-property\index.d.ts","2","0,1"
"C:\Users\maigr\OneDrive\Bureau\supabase-backend\supabase\functions\plu-parser\node_modules\es-errors\eval.d.ts","2","0,1"
"C:\Users\maigr\OneDrive\Bureau\supabase-backend\supabase\functions\plu-parser\node_modules\es-errors\index.d.ts","2","0,1"
"C:\Users\maigr\OneDrive\Bureau\supabase-backend\supabase\functions\plu-parser\node_modules\es-errors\range.d.ts","2","0,1"
"C:\Users\maigr\OneDrive\Bureau\supabase-backend\supabase\functions\plu-parser\node_modules\es-errors\ref.d.ts","2","0,1"
"C:\Users\maigr\OneDrive\Bureau\supabase-backend\supabase\functions\plu-parser\node_modules\es-errors\syntax.d.ts","2","0,1"
"C:\Users\maigr\OneDrive\Bureau\supabase-backend\supabase\functions\plu-parser\node_modules\es-errors\type.d.ts","2","0,1"
"C:\Users\maigr\OneDrive\Bureau\supabase-backend\supabase\functions\plu-parser\node_modules\es-errors\uri.d.ts","2","0,1"
"C:\Users\maigr\OneDrive\Bureau\supabase-backend\supabase\functions\plu-parser\node_modules\es-object-atoms\index.d.ts","2","0,1"
"C:\Users\maigr\OneDrive\Bureau\supabase-backend\supabase\functions\plu-parser\node_modules\es-object-atoms\isObject.d.ts","2","0,1"
"C:\Users\maigr\OneDrive\Bureau\supabase-backend\supabase\functions\plu-parser\node_modules\es-object-atoms\RequireObjectCoercible.d.ts","2","0,1"
"C:\Users\maigr\OneDrive\Bureau\supabase-backend\supabase\functions\plu-parser\node_modules\es-object-atoms\ToObject.d.ts","6","0,3"
"C:\Users\maigr\OneDrive\Bureau\supabase-backend\supabase\functions\plu-parser\node_modules\get-proto\index.d.ts","3","0,1"
"C:\Users\maigr\OneDrive\Bureau\supabase-backend\supabase\functions\plu-parser\node_modules\get-proto\Object.getPrototypeOf.d.ts","3","0,1"
"C:\Users\maigr\OneDrive\Bureau\supabase-backend\supabase\functions\plu-parser\node_modules\get-proto\Reflect.getPrototypeOf.d.ts","2","0,1"
"C:\Users\maigr\OneDrive\Bureau\supabase-backend\supabase\functions\plu-parser\node_modules\gopd\gOPD.d.ts","1","0"
"C:\Users\maigr\OneDrive\Bureau\supabase-backend\supabase\functions\plu-parser\node_modules\gopd\index.d.ts","3","0,2"
"C:\Users\maigr\OneDrive\Bureau\supabase-backend\supabase\functions\plu-parser\node_modules\has-symbols\index.d.ts","2","0,1"
"C:\Users\maigr\OneDrive\Bureau\supabase-backend\supabase\functions\plu-parser\node_modules\has-symbols\shams.d.ts","2","0,1"
"C:\Users\maigr\OneDrive\Bureau\supabase-backend\supabase\functions\plu-parser\node_modules\hasown\index.d.ts","2","0,1"
"C:\Users\maigr\OneDrive\Bureau\supabase-backend\supabase\functions\plu-parser\node_modules\iconv-lite\lib\index.d.ts","31","1,4"
"C:\Users\maigr\OneDrive\Bureau\supabase-backend\supabase\functions\plu-parser\node_modules\ipaddr.js\lib\ipaddr.js.d.ts","60","2,9"
"C:\Users\maigr\OneDrive\Bureau\supabase-backend\supabase\functions\plu-parser\node_modules\is-promise\index.d.ts","2","0,1"
"C:\Users\maigr\OneDrive\Bureau\supabase-backend\supabase\functions\plu-parser\node_modules\math-intrinsics\constants\maxArrayLength.d.ts","2","0,1"
"C:\Users\maigr\OneDrive\Bureau\supabase-backend\supabase\functions\plu-parser\node_modules\math-intrinsics\constants\maxSafeInteger.d.ts","2","0,1"
"C:\Users\maigr\OneDrive\Bureau\supabase-backend\supabase\functions\plu-parser\node_modules\math-intrinsics\constants\maxValue.d.ts","2","0,1"
"C:\Users\maigr\OneDrive\Bureau\supabase-backend\supabase\functions\plu-parser\node_modules\math-intrinsics\abs.d.ts","1","0"
"C:\Users\maigr\OneDrive\Bureau\supabase-backend\supabase\functions\plu-parser\node_modules\math-intrinsics\floor.d.ts","1","0"
"C:\Users\maigr\OneDrive\Bureau\supabase-backend\supabase\functions\plu-parser\node_modules\math-intrinsics\isFinite.d.ts","2","0,1"
"C:\Users\maigr\OneDrive\Bureau\supabase-backend\supabase\functions\plu-parser\node_modules\math-intrinsics\isInteger.d.ts","2","0,1"
"C:\Users\maigr\OneDrive\Bureau\supabase-backend\supabase\functions\plu-parser\node_modules\math-intrinsics\isNaN.d.ts","1","0"
"C:\Users\maigr\OneDrive\Bureau\supabase-backend\supabase\functions\plu-parser\node_modules\math-intrinsics\isNegativeZero.d.ts","2","0,1"
"C:\Users\maigr\OneDrive\Bureau\supabase-backend\supabase\functions\plu-parser\node_modules\math-intrinsics\max.d.ts","1","0"
"C:\Users\maigr\OneDrive\Bureau\supabase-backend\supabase\functions\plu-parser\node_modules\math-intrinsics\min.d.ts","1","0"
"C:\Users\maigr\OneDrive\Bureau\supabase-backend\supabase\functions\plu-parser\node_modules\math-intrinsics\mod.d.ts","2","0,1"
"C:\Users\maigr\OneDrive\Bureau\supabase-backend\supabase\functions\plu-parser\node_modules\math-intrinsics\pow.d.ts","1","0"
"C:\Users\maigr\OneDrive\Bureau\supabase-backend\supabase\functions\plu-parser\node_modules\math-intrinsics\round.d.ts","1","0"
"C:\Users\maigr\OneDrive\Bureau\supabase-backend\supabase\functions\plu-parser\node_modules\math-intrinsics\sign.d.ts","2","0,1"
"C:\Users\maigr\OneDrive\Bureau\supabase-backend\supabase\functions\plu-parser\node_modules\merge-descriptors\index.d.ts","9","0,6"
"C:\Users\maigr\OneDrive\Bureau\supabase-backend\supabase\functions\plu-parser\node_modules\path-to-regexp\dist\index.d.ts","144","3,9"
"C:\Users\maigr\OneDrive\Bureau\supabase-backend\supabase\functions\plu-parser\node_modules\pdf2json\dist\pdfparser.d.ts","157","4,5"
"C:\Users\maigr\OneDrive\Bureau\supabase-backend\supabase\functions\plu-parser\node_modules\raw-body\index.d.ts","77","2,3"
"C:\Users\maigr\OneDrive\Bureau\supabase-backend\supabase\functions\plu-parser\node_modules\setprototypeof\index.d.ts","2","0,1"
"C:\Users\maigr\OneDrive\Bureau\supabase-backend\supabase\functions\plu-parser\node_modules\side-channel\index.d.ts","11","0,5"
"C:\Users\maigr\OneDrive\Bureau\supabase-backend\supabase\functions\plu-parser\node_modules\side-channel-list\index.d.ts","11","0,3"
"C:\Users\maigr\OneDrive\Bureau\supabase-backend\supabase\functions\plu-parser\node_modules\side-channel-list\list.d.ts","13","0,7"
"C:\Users\maigr\OneDrive\Bureau\supabase-backend\supabase\functions\plu-parser\node_modules\side-channel-map\index.d.ts","12","0,4"
"C:\Users\maigr\OneDrive\Bureau\supabase-backend\supabase\functions\plu-parser\node_modules\side-channel-weakmap\index.d.ts","12","0,4"
"C:\Users\maigr\OneDrive\Bureau\supabase-backend\supabase\functions\plu-rules-by-zone-v1\index.ts","173","6"
"C:\Users\maigr\OneDrive\Bureau\supabase-backend\supabase\functions\plu-rules-engine-v1\index.ts","1056","39,6"
"C:\Users\maigr\OneDrive\Bureau\supabase-backend\supabase\functions\plu-rules-list-v1\index.ts","510","21"
"C:\Users\maigr\OneDrive\Bureau\supabase-backend\supabase\functions\plu-universal-parser\index.ts","289","10,3"
"C:\Users\maigr\OneDrive\Bureau\supabase-backend\supabase\functions\plu-upload\index.ts","204","7,3"
"C:\Users\maigr\OneDrive\Bureau\supabase-backend\supabase\functions\promoteur-from-parcelle\index.ts","415","15,8"
"C:\Users\maigr\OneDrive\Bureau\supabase-backend\supabase\functions\promoteur-from-parcelle-v3\bilan.ts","515","19,3"
"C:\Users\maigr\OneDrive\Bureau\supabase-backend\supabase\functions\promoteur-from-parcelle-v3\index.ts","789","28,5"
"C:\Users\maigr\OneDrive\Bureau\supabase-backend\supabase\functions\promoteur-synthese-v1\composer.ts","33","1,6"
"C:\Users\maigr\OneDrive\Bureau\supabase-backend\supabase\functions\promoteur-synthese-v1\export.ts","10","0,3"
"C:\Users\maigr\OneDrive\Bureau\supabase-backend\supabase\functions\promoteur-synthese-v1\index.ts","95","3,5"
"C:\Users\maigr\OneDrive\Bureau\supabase-backend\supabase\functions\promoteur-synthese-v1\prompts.ts","29","1,4"
"C:\Users\maigr\OneDrive\Bureau\supabase-backend\supabase\functions\promoteur-synthese-v1\types.ts","41","1,1"
"C:\Users\maigr\OneDrive\Bureau\supabase-backend\supabase\functions\promoteur-v1\index.ts","777","26,4"
"C:\Users\maigr\OneDrive\Bureau\supabase-backend\supabase\functions\risques-v1\index.ts","1215","40,3"
"C:\Users\maigr\OneDrive\Bureau\supabase-backend\supabase\functions\smartscore-agent-v1\index.ts","115","4,9"
"C:\Users\maigr\OneDrive\Bureau\supabase-backend\supabase\functions\smartscore-agent-v2\index.ts","632","25,1"
"C:\Users\maigr\OneDrive\Bureau\supabase-backend\supabase\functions\smartscore-enriched-v1\index.ts","411","13,4"
"C:\Users\maigr\OneDrive\Bureau\supabase-backend\supabase\functions\smartscore-enriched-v2\index.ts","282","9,3"
"C:\Users\maigr\OneDrive\Bureau\supabase-backend\supabase\functions\smartscore-enriched-v3\index.ts","1573","71,9"
"C:\Users\maigr\OneDrive\Bureau\supabase-backend\supabase\functions\smartscore-enriched-v4\index.ts","1543","58,1"
"C:\Users\maigr\OneDrive\Bureau\supabase-backend\supabase\functions\smartscore-manual-v1\index.ts","350","11,6"
"C:\Users\maigr\OneDrive\Bureau\supabase-backend\supabase\functions\smartscore-report-v1\index.ts","240","8,4"
"C:\Users\maigr\OneDrive\Bureau\supabase-backend\supabase\functions\smartscore-report-v2\index.ts","251","9,1"
"C:\Users\maigr\OneDrive\Bureau\supabase-backend\supabase\functions\smartscore-terrain-v1\index.ts","188","5,3"
"C:\Users\maigr\OneDrive\Bureau\supabase-backend\supabase\functions\smartscore-ultra-v1\index.ts","284","8,8"
"C:\Users\maigr\OneDrive\Bureau\supabase-backend\supabase\functions\smartscore-unified-v1\index.ts","272","9"
"C:\Users\maigr\OneDrive\Bureau\supabase-backend\supabase\functions\smartscore-v1\index.ts","132","4,1"
"C:\Users\maigr\OneDrive\Bureau\supabase-backend\supabase\functions\smartscore-v2\index.ts","24","1,1"
"C:\Users\maigr\OneDrive\Bureau\supabase-backend\supabase\functions\sourcing-analyze-v1\index.ts","1570","48,5"
"C:\Users\maigr\OneDrive\Bureau\supabase-backend\supabase\functions\sourcing-score-v1\index.ts","1570","48,5"
"C:\Users\maigr\OneDrive\Bureau\supabase-backend\supabase\functions\synthese-generate-v1\index.ts","365","11,9"
"C:\Users\maigr\OneDrive\Bureau\supabase-backend\supabase\functions\synthese-promoteur-v1\index.ts","147","5"
"C:\Users\maigr\OneDrive\Bureau\supabase-backend\supabase\functions\synthese-promoteur-v1\prompt.ts","87","5,5"
"C:\Users\maigr\OneDrive\Bureau\supabase-backend\supabase\functions\synthese-promoteur-v1\types.ts","61","1,2"
"C:\Users\maigr\OneDrive\Bureau\supabase-backend\supabase\functions\terrain-3d-v1\index.ts","47","1,4"
"C:\Users\maigr\OneDrive\Bureau\supabase-backend\supabase\functions\terrain-3d-v1\terrainGrid.ts","14","0,4"
"C:\Users\maigr\OneDrive\Bureau\supabase-backend\supabase\functions\terrain-3d-v1\terrainVolumes.ts","3","0,1"
"C:\Users\maigr\OneDrive\Bureau\supabase-backend\supabase\functions\terrain-3d-v1\types.ts","26","0,5"
"C:\Users\maigr\OneDrive\Bureau\supabase-backend\supabase\functions\terrain-analysis-v1\index.ts","1727","58,8"
"C:\Users\maigr\OneDrive\Bureau\supabase-backend\supabase\functions\transport-nearby-v1\index.ts","212","7,1"
"C:\Users\maigr\OneDrive\Bureau\supabase-backend\supabase\functions\transport-score\index.ts","160","5,1"
"C:\Users\maigr\OneDrive\Bureau\supabase-backend\supabase\functions\_shared\providers\cache.ts","98","3"
"C:\Users\maigr\OneDrive\Bureau\supabase-backend\supabase\functions\_shared\providers\finess.ts","169","5,7"
"C:\Users\maigr\OneDrive\Bureau\supabase-backend\supabase\functions\_shared\providers\hash.ts","32","1,1"
"C:\Users\maigr\OneDrive\Bureau\supabase-backend\supabase\functions\_shared\providers\scoring.ts","15","0,4"
"C:\Users\maigr\OneDrive\Bureau\supabase-backend\supabase\functions\_shared\providers\services_proximite.ts","30","1,1"
"C:\Users\maigr\OneDrive\Bureau\supabase-backend\supabase\functions\_shared\providers\types.ts","35","0,8"
"C:\Users\maigr\OneDrive\Bureau\supabase-backend\supabase\functions\_shared\cors.ts","7","0,3"
